{"cameraMode":{"drawMode":0,"name":"Shaded","section":"Shading Mode"},"sceneLighting":false,"audioPlay":false,"sceneViewState":{"showFog":true,"showMaterialUpdate":true,"showSkybox":false,"showFlares":true,"showImageEffects":true,"showParticleSystems":true},"in2DMode":false,"pivot":{"x":-7.969576835632324,"y":-1.1840760707855225,"z":-0.3243645131587982},"rotation":{"x":0.196799635887146,"y":0.04556790739297867,"z":-0.00915683526545763,"w":0.979341447353363},"size":5.815738201141357,"orthographic":false}